prefix1,prefix2,prefix3,prefix4,prefix5,prefix6,prefix7,prefix8,prefix9,prefix10,prefix11,prefix12,prefix13,prefix14,prefix15,prefix16,prefix17,prefix18,prefix19,prefix20,session_id,label,situation,gen1,gen2,gen3,gen4,fixed
[supporter] Hello.  How can I help you today?,[seeker] Hi. I am feeling really depressed.,[supporter] Is there anything particular that you are feeling depressed about?,[seeker] Well I recently lost my grandfather and since then I have been feeling I am not doing well in life and that it's pointless.,[supporter] Losing a family member can be very tough.  It seems like you are having a hard time going forward.,[seeker] Yes I am. I,[supporter] Do you have anyone around you that you feel comfortable talking to about this?,[seeker] I have talked to my family and my husband. They have helped some. I just feel depressed because I feel like I a not making an impact with my life.,[supporter] It's great you have family in your life that you can talk to.  It sounds like having a strong family is something you can be proud of.,[seeker] Yes. That is true.,[seeker] I think the idea that I could also lose the at some point is very hard to deal with.,[supporter] I agree.  I also worry about losing my family,[seeker] What do you do to help feel better?,"[supporter] From my experience, I just focus on the now and try not to worry about things that may be out of my control.",[supporter] Have you ever tried meditation?,[seeker] No i have not. I am kind of a wired person and think I would struggle to meditate.,"[supporter] I understand.  That may be exactly what could help you, though. It may be good to Try something that may open yourself up to new experiences.",,,,1124,V5,I am depressed as I feel I am not good enough or doing enough in life.,"I keep feeling behind no matter what I do, and it is like my brain collects evidence that I am failing.",That constant self comparison sounds draining and it can make even small days feel heavy.,Sometimes I catch myself wishing I could just not wake up and everything would pause.,I hear how worn down you are. What has been piling up the most lately.,TRUE
[supporter] Did you guys break up recently?,"[seeker] yes she broke my heart last night, what did I do wrong?","[supporter] Love is tricky, sometimes there is no wrong.  You shouldn't blame yourself.",[seeker] but I gave her my all. I feel so betrayed. I'm feeling so sad I want to jump over a bridge,"[supporter] I've been there, a few years before I was married, my boyfriend broke up with me.  We had some space, and then were able to become friends again.  And you know what?  We ended up getting back together and getting married.","[seeker] you think it's my fault? 5 years man, 5 years and just like that she broke my heart","[supporter] Don't give up, you never know what the future holds.","[supporter] I don't know your particular situation, but it takes two to make relationships work.  I don't think you should blame yourself.","[seeker] thank you, will try to keep my head up. you think she cheated on me?",[supporter] I don't know what happened.  Is that what you think happened?,[seeker] well I don't know. why end so abruptly,[supporter] What did she say when you broke up?,[seeker] she just said it's over! over the damn phone,[supporter] Yikes!  I'm sure that didn't feel very good.,"[seeker] not at all, so heart broken",[supporter] Have you tried talking to her since?,"[supporter] Oftentimes people have confused feelings and after some time to reflect, things might change.",,,,865,V5,girlfriend of 5 years broke up with me,"The quiet at home feels loud, and I keep reaching for routines that no longer exist.","A breakup after years can make the world feel unfamiliar, like the ground shifted overnight.",Lately I have had thoughts about disappearing because the hurt feels too big.,It sounds like you are grieving a huge loss. What moment in the day hits you the hardest.,TRUE
[supporter] I would certainly agree with you. That kind of work is unsustainable. Let me ask you this. What would happen if you told your employer you simply could not do these hours?,"[seeker] hah - i dunno. im on a team of 2 people - and i guess if i dont do it, the other person has to. or it just doesnt get done, and i dont know what happens?? nothing? LOL.","[supporter] The worst that could happen is that they fire you. But that doesn't seem too likely as they seem to need you. But I have learned in life that if I don't care for myself, hardly anyone does. We need to be kind to ourselves. Set boundaries.","[seeker] agreed - i dont think they would fire me, maybe get reprimanded or more likely a guilt trip as to why I cant do it. Im just not sure what kind of boundaries I set when we have things due, and just literally no time.","[supporter] Setting boundaries can be difficult if you haven't done that a lot. When we think we don't have the ability to say NO, then we feel trapped, worn out, depressed, taken advantage of. People need to know that we reasonably can say no.","[seeker] Well, I have to set boundaries, because working till 11pm most nights is not sustainable. and who on earth is going to view, let alone sign a contract at 12am","[supporter] I think that would be the first step. Determine how many hours you feel you COULD work. Then advise them that is what you will do. Find out what kind of timelines there are, and if you can't do it, don't go beyond your boundaries. It is obviously destroying your life. It really isn't healthy for you.","[supporter] Exactly. It isn't working for you. Something has to change. And you sound intelligent, so you can determine what will work for you -- perhaps a range of hours, but definitely not 14 hours. Unless you are a young kid. lol Even then, that's a lot.","[seeker] yeah - ill come up with reasonable boundaries till 5:30 is reasonable, and if its a do or die situation cap it at 7:30 --- and thats only for dire situations. if that doesnt work, well then i guess either i dont have a job, or people figure out how to work in regular hours.","[supporter] That sounds reasonable to me. And if they try to make you feel guilty, reject that. Tell them, I'm sorry, but I feel this is reasonable, and truly it is.","[seeker] hah i used to go out like a young kid, but still - just because most of us are working from home 24/7, doesnt mean I actually can work 24/7. even fi i were young, hell no. they dont pay me enough.","[seeker] thanks i really appreciate it. it sounds reasonable, and its what a coworker told me. if i dont set boundaries, i will crack.",[supporter] No one can work 24/7.  I think they may not even be aware you are struggling. So communication is important.,[supporter] You don't want to crack. It's not worth it.,"[seeker] yeah, i think a call to not just my boss is in order, but also HR to advise them of the situation. they need to start telling managers, we are NOT front of the line workers, nor police, fire, etc. our jobs are not THAT important.","[supporter] I will say a prayer that you communicate your needs politely but firmly. And not believe false guilt. As you said, you aren't putting out fires and doing CPR.",,,,,224,V5,"Had to work till 11pm and up early the next morning. No emotional support and completely drained of all energy. Have no desire to continue with the job, but need to get paid.","I am running on caffeine and worry, and my body feels like it is blinking red all day.",Being pushed past your limits like that can make everything feel unbearable and narrow.,Recently I have been thinking it might be easier if I was not here to deal with this.,That makes sense given how depleted you are. What part of the schedule feels most impossible right now.,TRUE
"[seeker] Yes.  I tried to see if she would let me sleep with other women from the Internet, and she is not allowing it.",[supporter] Well I must say that as a woman I would not allow it either ;),[seeker] Yes I would agree with that.  I guess I wanted my cake and be able to eat it too.,[supporter] It does sound like it. Are there any other problems in your marriage that might be making you unhappy or is it generally okay and you just want someone else too?,"[seeker] I am trying to get my wife to spice up our love-making and she is unwilling to do so, and that makes me super sad.",[supporter] Have you considered getting some sort of marriage guidance counselling? There are people out there who might be able to help you both,"[seeker] Why would we need counseling to spice up a love life?  That should come naturally, is it hard for women to make that change?",[supporter] I think it sounds as though you might be pushing her into things she is not ready for though. Have you considered that you might be the problem?,"[seeker] That is what makes me sad, I know I am the problem.  I am a piece of trash, she is way better than me.    I hate myself.","[supporter] No, I do not think you should say that! At least you recognise that you are not behaving well, which is the first step on the road to making things better.",[seeker] Maybe I have a sex addiction.  I think I watch too much pornography and it gives me weird ideas for sex.,[supporter] Perhaps you could consider individual counselling to overcome your own problems before you think of couples' therapy?,,,,,,,,,90,V5,I wanted to start having sex with other women from the Internet and my wife would not allow it.,"This conflict makes me feel rejected and guilty at the same time, and it is turning into resentment.","Feeling shut down in a relationship can stir shame and anger, even if you did not expect it.",When I get low I think about just being gone so I would not have to face any of it.,You have a lot of tangled feelings here. What do you most want her to understand about your experience.,TRUE
"[seeker] am not feeling so good, being depressed feeling like killing myself, i don't know after all have done for her",[supporter] OK. This is a temporary feeling and it will pass. Please be kind to yourself.,[supporter] What led to you feeling this way?,"[seeker] i proposed to my girl after 5 years of dating, she introduced me to one man claiming its her uncle, was very happy i had to meet one of my fianc√© family not knowing all was but lies","[seeker] she took me to go see the man, the man even gave us relationship advice","[supporter] OK. So you proposed to your girlfriend, but she was seeing another man?",[seeker] yes!! seeing the so called man she called her uncle,[supporter] And the man you thought was her uncle was her other boyfriend?,[supporter] That is a horrible situation. It's not nice when people lie to you - I've had it happen to me before.,[supporter] You must be feeling very betrayed at the moment.,"[seeker] caught them in the act, was devastated, my body was shaking, couldn't bear my eyes",[seeker] its was as if my heart was being ripped outta my soul,[supporter] That sounds horrible. I think anyone would be upset with that!,"[supporter] I wonder if it was best that this happened before you got married, though - it hurts, but it would have hurt more if she had become your wife. How does it feel if you think about it that way?",[seeker] All i could do at that moment is pretend i didn't see a thing,[seeker] yh! am happy i knew sooner,[supporter] How does your family and friends feel about it? Have you spoken to them?,"[seeker] but it s painful, i rented an apartment for her, was the one sponsoring her and her brother",[supporter] You must feel as though she has taken advantage of you and your generosity.,,394,V5,My caught my girlfriend cheating with a man of 50 years of age,"I replay the scene without meaning to, and I feel sick with embarrassment and rage.",That kind of betrayal can trap your mind in loops and make everything feel unstable.,At times I feel like I do not want to exist because the humiliation is constant in my head.,Thanks for sharing that. What detail is the one your mind returns to again and again.,TRUE
"[seeker] I need help with my anger. I am upset that the Presidential election is being stolen from President Trump. I say racist things about it, and punch myself in the head or bang my head into the wall when people disagree with me.",[supporter] Where does your anger stem from ?,[seeker] I think it is because people disagree with my politics.,[seeker] I am sick of being discriminated against because of my skin color.,[supporter] Its ok to disagree with people about topics but you need to figure out why it triggers so much anger which turns to hate,"[seeker] Half my family is Puerto Rican, I am White. All the Puerto Rican family members consider themselves to be allies of the blacks, I do not. I have been repeatedly victimized by black people,",[supporter] How have you been victimized by black people? When those events happen how did that make you feel,"[seeker] I have been robbed at gunpoint three times in the past 8 months while walking home from work. Each time, it was one or more black males with guns who robbed me. They would call me racial slurs every time too.","[seeker] Also, my wife was raped by a black homeless man in July 2020 while she was jogging in the park. This made me get so angry, that I burned down a low-income housing building that was occupied by only black residents. I tried to get even with the blacks for what happened to my wife.","[seeker] I can't seek help with a professional for my anger issues, because I have committed violent crimes to get even with my oppressors.",[seeker] Are you going to help me?,[supporter] I see I too have had my issues with other races. A few bad instances do not make represent a whole race though. There are also black males who have been robbed and jumped by white people that does not mean all white males are bad. It does seem that you have had alot of unfortunate events with black males. That still does not mean that all black people are bad and why should innocent people pay for things others have done. Do  you have to walk home from work or can you drive. Also have you reported any of these events to the police.,"[seeker] I walk home because my job is only a mile away. I live in a predominantly black area. The police have taken reports, but candidly admitted to me that nothing would happen as far as arrests because of the current ""woke"" climate.",[supporter] I understand have you ever thought about if that black man that raped your wife was just getting even with the white race because his wife or maybe even him was raped repeatedly by white supremists,,,,,,,267,V5,"I am depressed and always angry. I lose my temper and say racist things to people, and am miserable to be around. I got mad at my father inlaw for talking badly about President Trump on Thanksgiving, and I called everyone ""a bunch of nigger lovers"" and stormed out of the house. Been angry ever since.","I keep thinking about what I said and I feel disgusted with myself, then the anger flares again anyway.",That cycle of anger and shame can feel like you are trapped inside reactions you do not want.,Yesterday I found myself thinking people might be better off if I simply was not around.,I get how unsettling that is to notice in yourself. What usually happens right before you blow up.,TRUE
[supporter] I'm doing well how can I help you tonight?,"[seeker] So, the issue I'm having is work-related. My son had heart surgery a few months ago. He now has a pacemaker. He's also in the middle of testing for CP. My job requires that I be around a lot of people. I always wear a mask...but sometimes the people I am with do not. Nor do they respect the 6-foot boundary. A simple cold gives my son a fever of 103. Im scared that if I continue to work, Im putting him in danger. But if I stop, I can no longer afford bills.",[seeker] My son just turned 2.,[supporter] I can see where this would be frustrating. As parents our biggest goal is to keep them safe and healthy. Have you thought about having a conversation with the people you are around to inform them you'd wish they wear a mask?,[seeker] I have. A few people respected my wishes. But one in particular stands out. A gentleman who told me he had a medical condition and proceeded to get in my face. He got angry at my request.,"[seeker] In my shoes, what would you do?",[seeker] Because I feel like Im stuck between a rock and a hard place lol,[supporter] I understand how you feel. Can you tell me a little more about how it makes you feel when they don't honor your requests?,[seeker] It makes me feel trapped. Frustrated. I would never intentionally try to put someone else in harms way and I feel like I don t,[seeker] *don't get the same courtesy,[seeker] I feel frustrated because I'm REQUIRED to deal with people. I work in construction.,"[seeker] I feel trapped because, what are my options? Continue to work.....my son gets sick and dies. His pediatrician has already warned me how deadly this could be for me.",[seeker] And if I quit? No money? I have a 5 year old I have to take care of too.,[supporter] I can see exactly how frustrated you are in this situation. Before I share some ideas do you have any ideas of ways to combat this issue?,[seeker] I've spoken to my boss. He was sympathetic about it all....At this point I'm not sure what to do.,[supporter] Alright. Have you talked to your boss about working in areas where you can be around people less? Or possibly going part time for now and finding a lob that puts less danger on you and your family?,"[seeker] Those are fairly decent ideas. The struggle for money would still be an issue if I worked part-time. And I doubt I could find a better job at this particular time. With that being said, I didn't think to see if the boss would let me work in the office for a bit. I know my fellow employees would respect my wishes.",[seeker] Any other suggestions?,[supporter] We are going through some really tough times right now and I think that most people are very sympathetic. Especially for those who are in your shoes. Our children are our top priority and seeing them sick hurts us more than anything. How do you feel about talking to your boss about working in the office for a bit until things calm down a little?,[supporter] Do you get paid vacation time in your job?,187,V5,My son had heart surgery this year and is in the midst of being diagnosed with CP. I work with a lot of people and am terrified I could catch COVID and it will kill him.,"I sanitize constantly but it never feels like enough, and my mind keeps jumping to worst outcomes.",That kind of fear can keep your body stuck in alarm mode for long stretches.,On bad nights I wish I could vanish because I feel like I will fail him somehow.,I can hear how much responsibility you feel. When does the worry spike most during the day.,TRUE
[seeker] They are getting rid of all kinds of people and I think the newest hires are going first.,[supporter] You will find a job if you are determined enough :),[seeker] People were let go every Friday for the last month. I was hoping I had another week to try and save up.,[supporter] Do you have enough money to keep going?,[seeker] I am looking around the house trying to find things I can sell just to get me through the next week as far as groceries and I think my phone bill is due too.,[seeker] I really don't. This came at the worst time.,[seeker] I don't know what to do.,[supporter] I think that selling your old possessions is a great idea,[supporter] I can tell you are stressed just by speaking to you,"[seeker] I wouldn't say they're old. One was a Christmas gift from a few months ago, but I've got to do something.","[supporter] Yes, pulling through this is the most important, because there may be a better future waiting ahead of you",[seeker] So much is closed here due to the pandemic I'm not sure who is hiring. This is just too much.,[seeker] I sure hope so. Right now I just can't see a way out.,"[supporter] It will work out somehow, I was made redundant a few months ago actually",[seeker] I'm so sorry. I wouldn't wish this on anyone. Where did you look for work? Do you have any tips?,"[supporter] Yes, I have stable work right now, but now I have learned to be prepared for the worst, but right now, you should do everything in your power to pull things together",,,,,1196,V5,I've lost my job due to layoffs and have a mountain of debt to pay off. Not sure where I will get the funds. I'm worried I will lose my car and even my house.,I keep staring at numbers and deadlines and it feels like my chest tightens every time.,"When finances threaten basic stability, it can make your thoughts spiral quickly.",There are moments I think about not being here because it feels like there is no way to fix this.,"From what you describe, it sounds like the pressure is relentless. Which bill feels most urgent right now.",TRUE
[seeker] I have a couch to crash on. Another guy said I could store my furniture in his basement. But no official room.,"[supporter] It's a precarious position to be in, especially during a pandemic. Do you have any family members who might help?","[seeker] Yes, I could call my mother. She has a room to stay in. But I only have the money to drive to her home, not the money for a rental truck to move all my stuff.",[supporter] Would any family members be prepared to loan you money or a vehicle?,"[seeker] I could ask my aunt to use her car, she has an SUV, where as I drive a sedan.",[supporter] How much stuff do you have that needs to be moved?,"[seeker] Queen bed, bed frame, small desk, roll chair, bookshelf, rug, boxes of kitchen stuff, etc.",[supporter] Try not to worry too much - I was in this position once myself and it did all turn out for the best though it was very scary at the time.,"[seeker] Yes, I feel almost numb from the depression. Like non of my stuff matters, only that I am physically safe.",[supporter] I think it would be a good idea for you to try and get medical help for your depression.,"[seeker] Yes, I agree. Asking for help is a plan.",[supporter] I wish you all the very best with it - there is help out there!,,,,,,,,,1269,V5,I was homeless. I had to leave a place I loved. It was mentally a bad state.,"Memories come back in flashes, and then I feel tense even in places that should be calm.",Those experiences can leave a lasting imprint and show up as sudden fear or numbness.,After the memories hit I sometimes wish I could just fade out and stop feeling anything.,"Given how intense those flashbacks feel, what tends to trigger them most often.",TRUE
"[supporter] Talking to someone you are close to, like a family member who cares about you, can definitely help.",[supporter] Can you try talking to someone?,[seeker] Family? My family kicked me out of their own house 3 years ago. I am nothing but a burden for them. They would just appreciate if I died.,"[supporter] What about close friends, or people you care about? I am sure they would not want to lose you.",[seeker] I have NO ONE that cares about me. Not a single being.,[seeker] Are overdoses painful?,[supporter] I care,[seeker] I doubt you do. You are just getting paid to be here.,"[supporter] Just from chatting with you, I can feel how sad you are about life and maybe a little overwhelmed with what the next step of life is.",[seeker] What would be that next step if I asked you?,"[supporter] I used to be really sad about life too. However, helping others who are sad helped me become happier, knowing that I am helping others also become happier.",[seeker] What makes you think someone as useless as me could provide any help?,"[supporter] Take a deep breathe and think about any happy memories. If you are sad right now, the only way is up from here!",[supporter] I believe no one is useless. We were all brought on this earth for a reason.,[seeker] That's a very optimistic view...,"[supporter] Like I said, I used to be sad too and not optimistic. But now I am optimistic because I know what it is like to be sad, and I don't want others to feel how I have felt in the past.",[seeker] I guess that's a way to view it...,"[supporter] Have you tried to express your feelings in one way or another? If you don't want to talk to others, there is always other ways - such as writing, music, etc. Have you tried any different ways?",,,229,V5,I feel hopeless. Sometimes I just want to end my life. It isn't worth it.,"I go through the day on autopilot and nothing feels like it matters, even things I used to like.","Hopelessness can make the future look closed off, like there is no room to breathe.","During the worst moments I think about ending things, even if I do not want to scare anyone.",Hearing that you are carrying those thoughts matters. What has today been like leading up to this.,TRUE
"[supporter] Hi there. Yes, What is making you sad?",[seeker] I feel that my friends do not like me very much any more. Apparently they have been engaging in group activities without me.,[supporter] I understand how frustrating that can be to not be part of the group activities.,[seeker] Do you think that I am over-reacting? I do not want to sound over sensitive but this has been happening for a while.,[supporter] Have you talked with your friends on how you feel? When was the last time you all connected?,[seeker] We went out for coffee the other day and I thought about saying something cos I know they went to a club without me last weekend but I couldn't bring myself to in the end.,"[supporter] I understand it is tough to bring up what is bothering you, especially after getting to hang out with all your friend over coffee. I'm sure this was not intentional with not inviting you to the club.","[seeker] Sometimes in the past I have turned down invitations to go out clubbing, admittedly. Could it be that they just did not think that I wanted to go?","[supporter] From what I have experienced personally, I am not a fan of clubs and didnt want to go with my friends. After turning them down a few times, they stopped inviting as well. I think they thought that was not my thing.",[seeker] The thing is though that this is not the only thing - they have been to rock concerts without me too. I just feel I am no longer a part of the group.,[supporter] I feel how this is hurting you. The best thing would be to talk to them about feeling disinvited to group activities. Let them know you are still free and really want to spend some time together. Do you think you can open up to them on whats bothering you?,[seeker] I don't know. I don't want to come across as just being paranoid or whiny. Sometimes I think it would be better to just forget them and not have any friends.,"[supporter] It sounds like this situation is really bothering you. Its hard and overwhelming to feel isolated. The bonds of friendship are worth the confrontation. If they don't know what is bothering you, it will be harder to mend the relationship.",[seeker] It is making me really depressed and is badly damaging my sense of self worth. I feel as though I am not worth anyone's time.,"[supporter] You are worth every precious second of time and should not let this diminish your self worth. Find common ground, an activity you all enjoy and invite them to hang with you.",[seeker] Thank you that is helpful. What if I reach out and they all snub me though?,[supporter] We all have busy hectic lives at time. True friends make time to be with one another. This world is full of beautiful people to bond with. Keeping a closed circle of friends is a blessing.,,,,638,V5,I have found out that my friends have been socialising behind my back without me. This makes me very sad.,"I keep checking posts and feeling stupid for caring, but I cannot stop thinking about it.",Being excluded can hit belonging and self worth at the same time.,Part of me thinks it would be easier to not exist than keep feeling rejected like this.,I am glad you said it out loud. What do you think you wanted from them that you did not get.,TRUE
"[supporter] That might be good. Try to include all those little details about what you did, even if it doesn't seem significant. I think it shows flexibility and willingness to like cross train and learn new skills","[seeker] i feel like no one is really hiring because of the holidays  i can understand that, except i need employment now. i already cut back on christmas and am just making little inexpensive gifts",[seeker] can i ask you something?,"[supporter] That's definitely a good way to save money, and I think the homemade gifts are more meaningful and full of love, anyway.  And yes, of course!",[seeker] i hope that the love comes across!,"[supporter] Oh, I'm sure it will! Just knowing that you took the time and made the effort to make something personal for them is amazing!",[seeker] do you think anyone actually reads the cover letter part of your application?,"[supporter] I honestly don't know. Cover letters are weird, I never know how to do them correctly lol I don't know if they're there just to make sure you're following directions or if they're actually important. I like to think someone does, but I'm really not sure.",[seeker] Right!?! I agree!  Lol.,"[supporter] Applications are so weird! Why do I want to work here? Um, because these bills won't pay themselves lol",[seeker] thats funny and too real.,[seeker] i just was thinking about what you said earlier and maybe,[seeker] if i took the part of the cover letter where i state my transferable skills and put it at the beginging of the resume  it might help.  after all i think we both decided no one is really seeing it in the letter.  what do you think?,[supporter] I think that's a good strategy. I think it would probably get more attention on your actual resume - there's probably more of a chance of it actually getting read lol,,,,,,,304,V5,I applied with a lot of companies and never hear back.  I need money for the holidays.,"I send application after application, and the silence makes me feel invisible and useless.","Repeated non responses can wear down confidence, especially when time pressure is real.",A lot of nights I wish I could just disappear and not have to keep trying.,It might help to look at what is happening step by step. What kinds of roles are you applying to most.,TRUE
[supporter] Does CSR stand for Customer Service Representative?,[seeker] yes sorry it does I also have some banking under my belt but have been out of work for couple years because I was caring for my father,[seeker] he needed 24/7 my moms not as bad but needs help,"[supporter] Well, CSR and experience in Banking must mean you have some skills that are in high-demand. Many companies need CSR's, and Banks are always hiring. Skills needed for CSR are very translatable to other customer service jobs, sales, and more!",[seeker] yes I know if I could find something where I could work from home thats would help but sometimes I just feel like giving up and going back to bed,[supporter] I'm sure you will find something very quickly.,[seeker] thank you I hope so it helps to just talk about it,"[supporter] also, many companies have shifted their workforce to work from home, so you are even more likely to get a service position in a work-from-home environment,",[seeker] I have been looking but till after the move things have been all out of wack,"[supporter] I see, so it sounds like you need a job search tool that will save you time.  I'd recommend putting your profile on LinkedIn, and/or checking a job aggregator like Indeed or Glassdoor. There, you can view and apply for several jobs.  I recommend applying and interviewing for several positions at the same time to improve your odds. I'm sure you will get one.",[seeker] yes I have o some of those thanks I will just have to cross my fingers,[supporter] Glad to hear. Sounds like your are doing all the right things.,,,,,,,,,594,V5,My Father passed away last year I have been caring for my Mother  because we lost his income we know have to move and I have been out of work. Also we are both covid high risk.,"I feel like I am holding everything together with shaking hands, and there is no space to grieve.","Grief plus caretaking and money stress can overload anyone, even if you look strong from the outside.","Overwhelmed is not even the word, and sometimes I think my family would manage without me.",Maybe talking through the priorities could ease the fog a little. What feels most urgent this week.,TRUE
[seeker] What did it do for you?,[seeker] How so?,[supporter] It was good to be able to talk to an objective third party about what was going on. It allowed me to get my feelings out without the threat of being judges or harrassed.,"[seeker] I understand. Well, I appreciate your time and advice. I just don't feel like you and I are understanding each other very well, though. Anyway, you made your bonus. I appreciate you trying to help me, though",[seeker] We got to talk for another 4 minutes though,[supporter] Have you tried to focus on more of your hobbies in order to get your mind off of things?,"[seeker] I used to have more hobbies. Now, I'm not so motivated to do much of anything anymore.","[seeker] I used to play instruments. I like hiking a little, but it is winter now. So... I can't even do that. Plus... I have to travel really far to do that because there is nothing to hike that is very close",[supporter] Why did you stop playing insturments?,"[seeker] I just lost interest. I'm losing interest in everything, man","[seeker] I think it's time for my heart to give out and make space for the new, ya know",[seeker] Cross my fingers at least,[seeker] Dying in your sleep would be best,[seeker] Wouldn't that be nice? You just drift off after your heart stops in a dream?,[supporter] I certainly hope you don't do that!,"[seeker] Well, that's nice. You are a nice person.","[seeker] Anyway, You finally earned your 3 dollars and 50 cents. You tried. I appreciate it.",[seeker] Goodbye fellow mturker slave,[supporter] I apologize that I wasn't able to make you feel any better,,239,V5,"I am sad all the time, and I always have been sad.","I can function, but inside it is heavy and flat, and it feels like I am faking my way through days.","Long lasting sadness can make it hard to imagine change, even if change is possible.","Since it has been like this so long, I sometimes think there is no point in staying.","One small place to start is noticing patterns. When is the sadness strongest, morning or night.",TRUE
[seeker] Exactly,"[supporter] From the few messages we have exchanged, I can tell you are extremely upset by this,",[seeker] Yes i am. This is one of those days that I think about it and make me up set,"[supporter] I myself have had issues with feeling like I haven't been able to give back to my parents what they have given me, it is a really hard situation to be in,",[seeker] It is because it makes you feel bad and you start being negative,"[supporter] Those are completely normal feelings to have, but I know you can get through this!","[seeker] I do, Im trying to keep my head up and think positively. I know some day God will give me that little push I need to give my family the happiness they deserve",[supporter] Have you been able to talk to your parents about this? I think that it would help you to tell them what you are feeling.,[seeker] I talk to them sometimes about this they cheer me up and they know that I would give them everything if I could.,[supporter] Have you reached out and tried to talk to a professional about this as well? I know when I was struggling with anxiety and depression I went to counseling and it helped me a lot.,[seeker] To be honest I haven't try it. I thought about it but I haven't try. But I should keep that in mind,[supporter] I think that would be a great start and I know it would make you feel better!,,,,,,,,,506,V5,I am unemployed right now and its hard for me to find a job where I can earn enough to support my family.,"I feel guilty spending anything, and I keep imagining my family judging me even when they do not say it.",That kind of responsibility can turn into harsh self criticism when results are slow.,Just imagining another month like this makes me think it might be easier to be gone.,"Before we get into solutions, I want to understand what support you have. Who knows you feel this low.",TRUE
[supporter] Can you explain a little more what you mean by that?,"[seeker] i cant seems to focus in school, presure from home due to fight going on between my parent, all i could think of his them coupled with bully's in my school",[supporter] It sounds like the trouble at home is making it hard for you to keep your mind on school. Is that right?,[seeker] yes!,[supporter] I can understand why you would feel that way.,[supporter] You also sais there is a bully. Have you talked to anyone about this?,[supporter] Bringing this up to a teacher can help. Have you tried that?,[seeker] none,[seeker] no one seems to listen,[seeker] cant get help from home am just depressed,[supporter] I can tell just from this short chat how upset you are.,[supporter] I know when I was dealing with issues in school talking to my friends helped.,"[seeker] i have no friends, all they do is mock and make fun of you",[supporter] It sounds like those people are not your friends then.,[supporter] Do you have any hobbies?,,,,,,253,V5,i cant do well in school and they mock me.,"I dread going to class because I expect to be laughed at, and it makes it hard to even try.","Mocking can make school feel unsafe, and that can crush motivation and confidence.","In the moments after they laugh, I sometimes think about hurting myself just to escape.","If you are open to it, we can slow down and look at what happens in those moments. What do they say.",TRUE
[seeker] yes..and iam finding it difficult to cope with that..,"[supporter] That sounds very disappointing, I can understand why you are feeling down about this.   I had to stop university halfway through for health reasons, and was not able to go back, I found that depressing too.","[seeker] How did you manage to get out of the depression..If you dont mind,can you tell me what happened?",[supporter] it is hard to let go of a dream.  it's normal to feel down about it.,[seeker] Can you suggest some remedies of how to get out of depression..,"[supporter] I have mental health issues so I could not continue my studies, sadly.   I take antidepressants and have a counselor.","[supporter] is there anyone you can talk to about your depresion, perhaps your doctor?",[seeker] Oh I cannot go to counsellor because of they are too expensive..,[seeker] I want to talk about it to some one but even my parents are not very supportive of me..,[supporter] Are you in a city?  Some cities have free counselors,[supporter] oh dear that is hard when your family is not behind you,[seeker] Yes iam in a city..I dont know about any free counsellors..How to find the info,[supporter] are you near a public library?  sometimes librarians are really helpful to find community information.  you could call them.,[supporter] do you have a family doctor?,[seeker] Oh I think we have a public library near to my houe..I can enquire about it,[supporter] or of course you could do a google search for counseling,[seeker] sure..I can do that..thank you for your help..,[supporter] it sounds like what you are going through is a grieving proces.  it's the loss of a dream that was very important to you.  it will get easier over time,[seeker] I really hope so that i will be happy with my life..,"[supporter] i hope you can go back to academics in the future, do you think that will be possible?",1045,V5,Iam feeling depressed because of being a failure in proceeding with my carrer.,"I feel stuck while others move forward, and it makes me question whether I have any value at all.","Career stagnation can hit identity and self worth, not just money or status.",Every time I think about the future I feel like I do not want to be here for it.,"If it helps, we can map the feeling first. When did you start believing you were a failure.",TRUE
"[seeker] Yes, probably. But of course it's a weird time for that, with COVID...",[supporter] Yes of course. So you feel that you cannot meet new people due to the pandemic?,"[seeker] Well, I didn't really do that much before COVID. But everything's changed in my life. I thought I could make a new start.","[supporter] I understand that this is a bad time to be making a new start but please believe me, I think that things will get better","[seeker] I feel like I know what the right things to do are, but nothing sounds fun. I feel like I'm just trying to force myself to do the things I should want to do.",[supporter] It sounds to me like you might be suffering from depression. A lot of the population have this problem! Do you think that this might be the case?,"[seeker] It's not that I thought money would buy me happiness, but it is strange that now that I could do almost anything, I really can't think of anything I want to do.",[supporter] That definitely sounds like depression to me. Can I suggest that you talk to your doctor?,"[seeker] I definitely have depression. I can try taking meds again, I should probalby try counseling... I did start going to a doctor, at least",[supporter] So you have insight into your condition at least ...  that is a very positive thing!,"[seeker] I know it makes sense to try that, since it does help some people. But I just feel like, I know what they're going to say. I already know what I should do. I just don't do it.",[supporter] What is it that you feel that you should be doing? Please do not put too much pressure on yourself!,[seeker] It's like I'm just so lazy... I don't do anything.  I could honestly just stay in bed and read and sleep all day and night.,"[supporter] I understand how that feels. I often feel the same way myself, especially now (and at this time of year). Please do not feel bad about it.","[seeker] I'm not suicidal at all, but I would be totally fine with a big meteor taking us all out tomorrow. I feel like I gave it a shot, I'm sort of ready to be done. I find myself feeling jealous of very old people...",[supporter] I have sometimes felt this way too. Do you have a pet? I have two cats and they do help to cheer me up when I feel especially bad,"[seeker] If I could have traded places with one of my parents, I would have in a heartbeat. They loved life, and they were good at it.",[supporter] So you feel that you are bad at life? Please do not!,,,345,V5,"I inherited some money, because both of my parents died last year. I moved to a new state, bought a house I love... but I just feel empty, and alone.","The house is beautiful but it feels silent in a way that hurts, and the emptiness shows up the moment I stop moving.","Grief can linger even when the outside looks settled, and loneliness can make it feel sharper.",Lately I catch myself thinking about ending it because I do not feel connected to anything here.,Thanks for telling me. What part of the day makes the loneliness feel strongest.,TRUE
[supporter] I am sorry about how you are feeling. I can understand how being in that situation can cause you to have anxiety,[supporter] Do you have a support system that can help?,[seeker] It comes and goes in waves. Sometimes I feel strong and other times I feel so weak.,[supporter] I personally have dealt with depression and i know how isolation all of that can be. Sometimes i find it helps to give yourself time to feel what you need to feel first before trying to feel better.,[supporter] I personally have dealt with depression and i know how isolation all of that can be. Sometimes i find it helps to give yourself time to feel what you need to feel first before trying to feel better.,"[seeker] Yes. That is true, but it can be so overwhelming at times.",[supporter] Yes it definitely can.,[seeker] What are some things that you do to feel better?,[supporter] I personally like to write out my feelings in a journal and sometimes i listen to music that makes me feel happy. Do you have things that you enjoy that you have tried to do?,[supporter] I personally like to write out my feelings in a journal and sometimes i listen to music that makes me feel happy. Do you have things that you enjoy that you have tried to do?,[seeker] I also journal. It helps sometimes. But I can't stop thinking about my family and how hard this is on them also.,[supporter] Have you tried speaking to them about your feelings?,[seeker] Yes. They are very supportive. That is one of the things that make me so sad. I hate the thought that this disease may take me away from them.,[supporter] I can understand why this is all sad. I would feel the same in your position.,[seeker] It is getting somewhat better and you have been so much help just being their and letting me vent.,[supporter] I am glad its better glad I can let you vent.,[seeker] Yes. You have been a help. I hope that you have a great day.,[supporter] I am glad i could help you. I hope you have a great day yourself.,[seeker] I will since you made it better. Have a very Merry Christmas.,[supporter] Thank you and Merry Christmas!,157,V5,I have recently been diagnosed with cancer. I am currently undergoing chemo. The whole situation has caused my anxiety and depression to be so much worse.,"Chemo days leave me drained and scared, and I keep worrying that I am pulling everyone down with me.",It makes sense that anxiety and low mood would intensify when your body is under that much stress.,"Sometimes I think my family would be better off without me, and the thought scares me.",I hear how heavy that belief is. What has been the hardest moment for you this week.,TRUE
[supporter] What got you depressed?,[seeker] I don't know. Maybe stuck at one place,[supporter] What have you tried to do to control it?,[seeker] don't know what to do,[supporter] Everything is going to be okay keep your head up it will get better in time for you,[supporter] Maybe you should go out for a walk and do some hobbies you like to do,[supporter] I understand how you feeling nobody should go through depression alone,[seeker] I am becoming lazy day by day. Things are scattered and disorganized.,[supporter] Don't let it take control of you that is what it is trying to do,[supporter] I suffer from depression once in a while and what i do is to try my best to remain positive and let myself know it is going to be okay i will get through this,[seeker] I am trying it but not working on me. I feel like my life is no use,[supporter] You should never feel like your life is no use because it is you have a lot to live for,[supporter] you have to control those negative thoughts and replace them with positive thoughts i know it is hard but believe me you will feel better,,,,,,,,240,V5,"Feeling depressed due to COVI, looking for change.","I feel stuck and restless at the same time, like life shrank and I cannot find a way to stretch it back out.",That trapped feeling can build over time and make hope hard to access.,Recently I have had thoughts of killing myself when the days start to blur together.,I am sorry you are carrying that. What has been making the days feel most unbearable lately.,TRUE
"[supporter] Oh wow, that sounds incredibly frustrating. Do you speak to your brother?",[seeker] How is a diamond solitaire an appropriate gift for a 16 year old?,"[seeker] He is so rabidly defensive of her, if I bring it up, it won't matter if he agrees with me or not - he'll take her side.",[seeker] And both our parents died last year - I can't lose him too.,"[supporter] That's so inappropriate, my husband's brother is the same way with his kids. They are giving such inappropraite gifts for their age.","[supporter] Oh wow, i'm so sorry about your parents. Losing parents is so hard. Definitely need to make sure you don't lose your brother as well.","[seeker] She's the only granddaughter - she'll get the ring eventually, if she wants it (probably won't). My SIL apparently thinks that was the only valuable thing about my mom - she didn't want any of the books, or art, or photos...",[seeker] Are you too busy to do this right now...?,[supporter] Not at all!!!,[seeker] You're really not saying much.,[supporter] Thats' so horrible. THere is so much more valuable. YOu can  keep the books and art and photos though.,"[supporter] the interface has been slow for me , i'm so sorry !",[supporter] Do you have your moms photos displayed? I found that to be a really helpful way to stay connected and show people how special they are.,,,,,,,,486,V5,"My sister-in-law is a horrible person, and she's harrassing me for jewelery from my mom, who just died.","My phone buzzing makes my stomach drop, and I feel like I cannot grieve in peace with her constantly pushing me.","Being pressured during bereavement can feel violating and exhausting, especially when it keeps coming.",At times I think about ending it because I feel trapped between grief and nonstop conflict.,I understand. What usually happens right before she reaches out again.,TRUE
"[supporter] If he makes that threat again, you might wish to inform him that ""revenge porn"" is a crime these days.  If he knows that you might to go to the authorities, that might get him to leave you alone.","[seeker] thank you very for your care and concern , sure  I will reply him as you said.","[supporter] You seem like a very nice person.  And his behavior is very toxic, to say the least.   I know that things are hard right now, but things will get better.   And you deserve to be with someone who will treat you with kindness and respect.","[seeker] I lost my all saving and now I am jobless both make me mentally disturbed , I feel life meaningless and don't want to live in this world.","[supporter] Try not to lose hope.   It's hard out there, particularly with what the pandemic has done to the economy.    But from what I've read today, more stimulus from the government is on the way, so that should help some.",[supporter] Do you have anyone that you can talk to about what you're going through?,[seeker] He had an affair but he spreading is fake news about me that I cheated him. I ashamed about myself and I can't able to mingle with my friends and family.,[supporter] Don't let him make you feel ashamed.  You've done nothing to warrant such a feeling.   Maybe you should find someone outside of your social group to speak to.,"[seeker] I can't able to face the all consequence all together, I need peace , where I could find?","[supporter] There are places you can go to speak to people.  Charitable organizations, clergy if you are religious, and call centers.  Perhaps you could find one of those organizations locally to help you through this.  Also, since they would be local, they might have more information about legal remedies you could pursue.  Some of your ex's behavior sounds criminal...","[seeker] People like you and your words touched my soul , thank you very much for your support and advice.","[supporter] I glad I could be of some help.  Just remember, you are a good and worthwhile person.  You will come through this.  I believe in you.",,,,,,,,,1245,V5,"My three years relationship ended last week , he betrayed me he had another affair , we discussed and break up . He misused my credit card he took my all money. he spreading fake news about me in social media.","I feel exposed and powerless, like he took my money and now he is trying to take my reputation too.","That is a lot of betrayal at once, both emotionally and practically, and it can feel overwhelming.",Some nights I wish I could disappear because it feels like I cannot escape the damage.,I am really sorry this is happening. What part feels most urgent to deal with first.,TRUE
[supporter] In what way are you not happy? Can you elaborate?,[seeker] i am not happy because of my current breakup with mypartner.,[supporter] Problems often arise in relationships over misunderstanding each others point of view.,[seeker] yeah i accept it there will be misunderstanding we want to get adjust,"[seeker] but it must be both side adjusted  ,if not it will result in breakup only.",[supporter] I completely agree with you. One sided relationships do not work.,[seeker] yes it wont work at all,"[supporter] What else besides unhappy do you feel about this breakup? Often there are a mix of emotions and looking at all of them is important to see the whole picture. People often report feeling relieved, regretful or other emotions with the feeling of unhappy.",[seeker] there is only thing for my depression is my break up i want to over come but i couldnot .,[supporter] What are some things that you enjoyed doing before this relationship?,"[seeker] i was going out for night pub ,enjoying with  friends",[supporter] Reaching out to old friends is a great idea to be able to regain some joy in life.,[seeker] but i cannot face them in this sutiation,[supporter] Many books have suggested that we are allowed to disclose what we want in relationships with friends. So if it is not something you wish to talk about with your friends tell them that and they should be willing to accept it. However I do understand if you do not want to reconnect with friends.,[seeker] they will accept me but i am not willing to share my negative mood with them.,[supporter] I understand. What have you tried to overcome your depression?,,,,,37,V5,i had a break up with my partner.in this suitation i was very depressed and i faced lot of stress.,"I cannot focus on anything and my body feels tense all day, like I am bracing for bad news even at home.","Breakup stress can hit both your thoughts and your nervous system, making everything feel harder.",Yesterday I thought about not wanting to live if it keeps feeling like this.,I hear you. What has your sleep been like since the breakup.,TRUE
"[seeker] I'm still waking up, should have more coffee. And, I am just always tired, tired of everything these days","[supporter] Yes , What happen why you are tired please can you explain","[supporter] ok , everything going ok",[seeker] I think it's my depression. I have a very hard time getting motivated to do anything. Nothing seems worth it,[supporter] Please can you tell why you are in depression ?,"[seeker] I have suffered with it all my life, but this past year has made it so much worse. I feel as if I have no control over anything as these stupid lockdowns go on and on and on",[seeker] Are you a real person?,[supporter] please engaged yourself in different actives that help you come out from this depression,"[seeker] I know that I need to do that, but it's pushing myself that is so hard.","[supporter] yes, everyone going in this situation because of lock down","[seeker] For sure, and I know that so many are much worse off than I.",[supporter] yes i know that's hard put please try to engaged yourself in fun activates,[seeker] what do you do for fun? can you give me any ideas?,[supporter] those activities that you like that you feel fun in it,"[supporter] here is also lock down situation from log time , how is there?",[supporter] Why your in depression because of job or any thin else,,,,,1227,V5,"Tomorrow is my daughter's birthday, my oldest daughter who I gave up 37 years ago. I sent her a letter a year ago, at least it is believed that this is her from searcher that helped me. She has not responded to that or other requests from me.","The closer the date gets, the more my mind fills in painful stories about what she thinks of me.","This sounds like a mix of longing, regret, and uncertainty all hitting at once.",Tonight I keep thinking about ending it because I cannot stand the silence anymore.,I can hear how much this matters to you. What would you want to say to her if you had the chance.,TRUE
"[supporter] Hello, my name is Amber, how are you doing?",[seeker] I could be better.,[supporter] What's been happening?,[seeker] I just had a baby 2 months ago and I have been struggling with my physical appearance and dealing with my mental health.,[supporter] Is part of that the weight gain from pregnancy?   And what sort of mental health challenges are you having?   Both of these problems are very common for new mothers.,"[supporter] I'm sorry to hear you are going through this, it sounds like a very tough time for you.",[seeker] I didnt keep much weight from the pregnancy but its the loose skin that makes it very challenging to accept and to love my self.,"[supporter] Oh that is understandable.   I am a mother, and remember worrying about the same thing.",[seeker] My depression has gotten worse since having my son. I feel a constant feeling that i'm not a good mother. I feel worthless and having a constant feeling that I don't deserve my son,"[supporter] I can tell you from personal experience that loose skin, stretch marks, and loosening of ""other parts"" do all self correct with time.  You will feel better about your body again when they do.",[seeker] How did you cope with post partum?,"[supporter] I was fortunate not to experience depresion.  But I totally went through self doubt, wondering if I was being a good enough mother, and feeling ""not up to"" the task....it's the hardest job in the world, being a mom, and so exhausting the first while.",,,,,,,,,1019,V5,I just had a baby and im struggling with my physical appearance and my mental health.,"I look in the mirror and feel like a stranger, and then I feel guilty for not being happier during this time.","Postpartum changes can be intense, and guilt can pile on when you are already exhausted.",Recently I have had thoughts of hurting myself when everything feels too heavy.,I am glad you shared that. What moments tend to bring those thoughts on.,TRUE
[supporter] Good evening.,[seeker] Hello. How's it going?,"[supporter] It's going well, how are you?",[seeker] I'm somewhat anxious and distressed because of college.,[supporter] Is there anything specific going on in school that it making you anxious?,"[seeker] Yes, I have a large project I must complete for one class, a very important exam for another, and for another my professor is quite incompetent and might cause me to fail that course.","[supporter] Okay, so from what I have read you are anxious because you have a project and an exam going on and you are struggling in another, is that correct?","[seeker] Yes, that is correct. It's caused severe anxiety for me.",[supporter] I can tell just from these few messages how anxious you are about these things.,"[supporter] I am currently in college too, and I completely understand the anxiety around your project and your exams.","[seeker] Yes, it's very unfortunate that things turned out this way. I might have the project and exam dealt with, but the one with the incompetent professor makes me want to slam my head on the wall.",[supporter] Have you talked to the professor in the class you are struggling in about ways he can help you learn better? I have found that speaking with my professors when I was struggling and explaining why has helped me in the past.,"[seeker] Yes, I have talked with him. Unfortunately, communication is the worst part with him. He will read emails but only selectively respond to some things. I ask him to give me the details for an assignment he never sent the details for and he always ignores it.",[seeker] I do n't think he even has the assignment instructions recorded anywhere.,[supporter] Is there anyone in your class that you are close to that you can reach out to?,[seeker] We have a Discord server set up for the class where we're all trying to make sense of the class and our professor because it has been such a bad experience for all of us.,[seeker] Unfortunately even that doesn't help.,[supporter] Have you thought about reaching out to a tutor who has previously taken this course to help with the assignments?,,,398,V5,I have a horrible professor that has not adapted to technology well for COVID. There is one week left and he just assigned a major lab to do at home out of nowhere.He's also horrible at communicating.,"I feel cornered by the deadline and the vague instructions, and I panic every time I open the course page.","That kind of unclear pressure can make your stress spike fast, especially when time is short.",These days I sometimes think it would be easier to just stop existing than deal with this.,I get why you feel overwhelmed. What part of the lab is most confusing right now.,TRUE
"[supporter] Do you think that you could ask him to help out more around the house? Since he works from home, it would be easier for him to help out if your job is outside of your home. Is there any way that you could hire help, like a tutor for your child?","[seeker] well, I used to have someone come clean my house, but since the pandemic started, I dont feel safe about bringing other people to my house",[seeker] my husband is also very stressed out,"[seeker] I went to the doctor and he thinks I should try some medication since I have no help, but I am scared",[seeker] it's an antidepressant and a sleeping pill since I am having insomnia as well,[supporter] I'm sorry about that. It seems like a difficult situation to be in. Do you think that the medication could help ease some of your stressors?,"[seeker] Maybe, I am afraid of trying int but I may not have another option","[supporter] I think that you should try it out, at least for a little while, to see how it affects you. I used to be depressed too, but when I was put on medication, it seemed to make my life a lot easier. I had a lot more energy and was a lot happier","[seeker] Thank you, good to know. I will fill my prescription",[seeker] I cant live like this anymore. Thank you for your input.,[supporter] You're very welcome! I'm glad I could help!,[supporter] Are there any other problems you're facing?,,,,,,,,,1035,V5,"I have been having issues with my children since the pandemic started. I feel overwhelmed with work, home, children, distance learning and no help and have been responding with anger.","I feel stretched in every direction and then I snap, and afterward I feel ashamed and scared of myself.",That mix of exhaustion and guilt can create a painful loop when support is limited.,Lately I have thought about not being around because it feels like I am failing everyone.,I hear how exhausted you are. When during the day does it feel most out of control.,TRUE
[supporter] Are you feeling troubled about something this morning?,[supporter] I know it can be hard to talk about personal problems sometimes. I have a lot of trouble with that myself.,"[seeker] going smooth, i need to get a nice and a surprise able present for my parent, and at the same time I need to  pay my house bills","[seeker] my father understands the situation that my earning is not that much, but my mum will fuck complain  that I am taking care of my wife but not her","[supporter] It sounds like you're having some cash flow issues, right? I can relate to that at a few more points in my life than I'd points in my life than I'd like to recall.",[supporter] It's so very loving and sweet of you to be putting so much thought into the gift!,"[supporter] That isn't all that common anymore, unfortunately..",[supporter] Are you currently working?,"[seeker] yes, your are right, I cannot stay in house without paying bills","[seeker] yes, I am working but the income is not that much","[supporter] It is pretty ridiculous how income doesn't increase along with inflation/cost of living. Very illogical and crippling to many of us financially. Of course you'll need to put your rent and utilities above all else, and since the gift you are feeling stressed out about is a parental gift,","[seeker] that is the major concern, the gift is once in a year and now all my bills are needed to be paid at least before end of the week","[supporter] I think that you will find out that all your parents really want is for you to be happy and to get to spend some quality family time with you. They love you and want you to be happy and healthy.That is a gift a lot of parents don't get, surprisingly..",[seeker] may be i should use credit card to get her new year present and use my salary to pay the bills and rent,[seeker] my presence  is much important likewise,"[seeker] i will need to be happy and get rid of this fucking depression, I can't kill my fucking self.","[supporter] It may sound cheesy to you,, but making a gift for someone is still one of the best ways to tell someone how much you really care. You were willing to give of yourself and your valuable time to actually create a gift.",,,,391,V5,getting new year present for my parent,"I know it sounds small, but money is tight and the expectations feel crushing, like one mistake proves I do not care.","Pressure around family and finances can add up quickly, even when the task looks simple.",Today I thought about killing myself because I feel like I cannot meet anyone‚Äôs expectations.,I can see how intense that pressure feels. What expectations are you carrying from them.,TRUE
[seeker] Hi. I'm feeling okayish.,[supporter] It sounds like there maybe something you need to get off of your chest.,[seeker] Absolutely. I recently broke up with my girlfriend. We had been together for more than 3 years.,[supporter] What happened that made you guys break up?,"[seeker] She said that she simply wasn't in love anymore, and that she didn't have the same feelings she did at the beginning.",[supporter] I have also had this situation happen to me. Maybe it just wasn't the right timing or she had other interests.,"[seeker] She was so important for me. I feel so empty.... I Feel like I'm never finding anyone like her ever again,","[supporter] The first step of a break should be to starting loving thyself. If you get out there and find hobbies you enjoy, who knows, you may find someone that will love you more than you could imagine. Take it from me, I've had this happen. Sitting around sulking about it is only going to delay things in your life.",[seeker] It's easier said than done. At times I would rather maybe just dissapear. I have never had anyone else show romantic interest in me before.,[supporter] What is your age?,[seeker] I am 25 at the moment.,"[supporter] You still have your whole life ahead of you. Some people don't find a partner until their 40's or even 50's. When I left my ex I found this guy that I truly fell in love with. He is still sulking in his living room. I told him that if he didn't move one that he wouldnt get anywhere in life. I told him that if he cared about me, he would move on because thats truly what I would want him to do and I think thats what your girl would want you to do as well.",[seeker] I disagree with you regarding that maybe that is what she wants me to do. I don't think she cares about me at the slightest anymore. I was a burden for her and will probably keep being it for any woman I meet.,[supporter] Did she give you any reasons to why she wasn't in love anymore?,[seeker] I think she wasn't feeling physically attracted to me anymore.,[supporter] Did you ever think she maybe possibly has been cheating?,,,,,237,V5,I fear that I might never be loved again. I feel so lonely.,"I keep imagining years passing with nobody choosing me, and it makes me feel sick with loneliness.","That fear can make the future feel bleak, especially when you are already hurting.",Sometimes I think about ending it because I do not believe I will be wanted again.,I hear how painful that belief is. When does the loneliness feel sharpest.,TRUE
"[supporter] That is a long time to think about something, so you have given it a lot of time and thought. Have you mentioned it to your partner?",[seeker] i tried to do it around 8 months ago but my partner convinced herself that it was because i was cheating on her. Her own insecurities put me under a lot of pressure to stay in the relationship to prove i wasn't  having an affair,[supporter] Sharing your feelings is important so thank you for making the effort today. It is not fair to prove a negative and that can be taxing. It sounds like you are a very patient person.,"[seeker] I try to be patient, but i feel like i am wasting my life when i could be happy on my own or potentially with someone else in the future",[seeker] Im anxious about my daughter and my relationship with her if we split up,[supporter] You have spent a great deal of time trying to make things right with your partner and you have used a great deal of effort to make it work. You are also a very loving parent who cares greatly.,"[seeker] I know i need to be true to myself but its extremely difficult, i'm  not sure how to start the process","[supporter] Yes, you are right. My parents split up later in life and I was happy to see my dad happy. I understand that isn't everyone story though. Do you have any close family members you can talk to about this? Or close friends?","[seeker] unfortunately i pushed all my friends away for the sake of the relationship, again the insecurities meant i couldn't have my own time and space. I know my family would be supportive, but there are a lot of financial issues with divorce  which worries me",[supporter] Often times people turn to church or religion and support groups in order to connect with people from the same faith. Have you considered this avenue?,"[seeker] Ive considered support groups, im a little embarrassed tho.  I don't  think religion would be much help to me",[supporter] I understand that you feel nervous about reaching out and thank you again for doing that here today. Sometimes close friends can be a good source of support. It can be hard repairing friendships though.,[seeker] Maybe i should reach out again?,"[supporter] Yes, I would reach out to old friends who may be willing to give you insight into how they viewed things. Support groups can feel intimidating but are usually very welcoming and truly there to help people.",[seeker] i just hope my daughter is young enough to be able to adapt to her parents splitting up,[supporter] Children are resilient and want their parents happy ultimately. You are a thoughtful person. Thank you for sharing your feelings today and being open to ideas and possible ways forward.,,,,,1115,V5,I want to break up with my partner who ive been married to for 6 years with a 5 year old child,"I feel trapped between guilt and fear, and I keep imagining every outcome going wrong for my child.",It makes sense that a decision like this would feel high stakes and emotionally exhausting.,Recently I have been thinking about ending it because I cannot see a choice that does not hurt someone.,"I understand how stuck you feel. What part feels most impossible right now, the talk or what comes after.",TRUE